bulbasaur;294;216;216;251;251;207;chlorophyll|overgrow;poison|grass;7;69
ivysaur;324;245;247;284;284;240;chlorophyll|overgrow;poison|grass;10;130
venusaur;364;289;291;328;328;284;chlorophyll|overgrow;poison|grass;20;1000
charmander;282;223;203;240;218;251;solar-power|blaze;fire;6;85
charmeleon;320;249;236;284;251;284;solar-power|blaze;fire;11;190
charizard;360;293;280;348;295;328;solar-power|blaze;flying|fire;17;905
squirtle;292;214;251;218;249;203;rain-dish|torrent;water;5;90
wartortle;322;247;284;251;284;236;rain-dish|torrent;water;10;225
blastoise;362;291;328;295;339;280;rain-dish|torrent;water;16;855
caterpie;294;174;185;152;152;207;run-away|shield-dust;bug;3;29
metapod;304;152;229;163;163;174;shed-skin;bug;7;99
butterfree;324;207;218;306;284;262;tinted-lens|compound-eyes;flying|bug;11;320
weedle;284;185;174;152;152;218;run-away|shield-dust;poison|bug;3;32
kakuna;294;163;218;163;163;185;shed-skin;poison|bug;6;100
beedrill;334;306;196;207;284;273;sniper|swarm;poison|bug;10;295
pidgey;284;207;196;185;185;232;big-pecks|tangled-feet|keen-eye;flying|normal;3;18
pidgeotto;330;240;229;218;218;265;big-pecks|tangled-feet|keen-eye;flying|normal;11;300
pidgeot;370;284;273;262;262;331;big-pecks|tangled-feet|keen-eye;flying|normal;15;395
rattata;264;232;185;163;185;267;hustle|guts|run-away;normal;3;35
raticate;314;287;240;218;262;322;hustle|guts|run-away;normal;7;185
spearow;284;240;174;177;177;262;sniper|keen-eye;flying|normal;3;20
fearow;334;306;251;243;243;328;sniper|keen-eye;flying|normal;12;380
ekans;274;240;205;196;227;229;unnerve|shed-skin|intimidate;poison;20;69
arbok;324;317;260;251;282;284;unnerve|shed-skin|intimidate;poison;35;650
pikachu;274;229;196;218;218;306;lightning-rod|static;electric;4;60
raichu;324;306;229;306;284;350;lightning-rod|static;electric;8;300
sandshrew;304;273;295;152;174;196;sand-rush|sand-veil;ground;6;120
sandslash;354;328;350;207;229;251;sand-rush|sand-veil;ground;10;295
nidoran-f;314;212;223;196;196;199;hustle|rivalry|poison-point;poison;4;70
nidorina;344;245;256;229;229;232;hustle|rivalry|poison-point;poison;8;200
nidoqueen;384;311;300;273;295;276;sheer-force|rivalry|poison-point;ground|poison;13;600
nidoran-m;296;234;196;196;196;218;hustle|rivalry|poison-point;poison;5;90
nidorino;326;267;234;229;229;251;hustle|rivalry|poison-point;poison;9;195
nidoking;366;333;278;295;273;295;sheer-force|rivalry|poison-point;ground|poison;14;620
clefairy;344;207;214;240;251;185;friend-guard|magic-guard|cute-charm;fairy;6;75
clefable;394;262;269;317;306;240;unaware|magic-guard|cute-charm;fairy;13;400
vulpix;280;199;196;218;251;251;drought|flash-fire;fire;6;99
ninetales;350;276;273;287;328;328;drought|flash-fire;fire;11;199
jigglypuff;434;207;152;207;163;152;friend-guard|competitive|cute-charm;fairy|normal;5;55
wigglytuff;484;262;207;295;218;207;frisk|competitive|cute-charm;fairy|normal;10;120
zubat;284;207;185;174;196;229;infiltrator|inner-focus;flying|poison;8;75
golbat;354;284;262;251;273;306;infiltrator|inner-focus;flying|poison;16;550
oddish;294;218;229;273;251;174;run-away|chlorophyll;poison|grass;5;54
gloom;324;251;262;295;273;196;stench|chlorophyll;poison|grass;8;86
vileplume;354;284;295;350;306;218;effect-spore|chlorophyll;poison|grass;12;186
paras;274;262;229;207;229;163;damp|dry-skin|effect-spore;grass|bug;3;54
parasect;324;317;284;240;284;174;damp|dry-skin|effect-spore;grass|bug;10;295
venonat;324;229;218;196;229;207;run-away|tinted-lens|compound-eyes;poison|bug;10;300
venomoth;344;251;240;306;273;306;wonder-skin|tinted-lens|shield-dust;poison|bug;15;125
diglett;224;229;163;185;207;317;sand-force|arena-trap|sand-veil;ground;2;8
dugtrio;274;328;218;218;262;372;sand-force|arena-trap|sand-veil;ground;7;333
meowth;284;207;185;196;196;306;unnerve|technician|pickup;normal;4;42
persian;334;262;240;251;251;361;unnerve|technician|limber;normal;10;320
psyduck;304;223;214;251;218;229;swift-swim|cloud-nine|damp;water;8;196
golduck;364;289;280;317;284;295;swift-swim|cloud-nine|damp;water;17;766
mankey;284;284;185;185;207;262;defiant|anger-point|vital-spirit;fighting;5;280
primeape;334;339;240;240;262;317;defiant|anger-point|vital-spirit;fighting;10;320
growlithe;314;262;207;262;218;240;justified|flash-fire|intimidate;fire;7;190
arcanine;384;350;284;328;284;317;justified|flash-fire|intimidate;fire;19;1550
poliwag;284;218;196;196;196;306;swift-swim|damp|water-absorb;water;6;124
poliwhirl;334;251;251;218;218;306;swift-swim|damp|water-absorb;water;10;200
poliwrath;384;317;317;262;306;262;swift-swim|damp|water-absorb;fighting|water;13;540
abra;254;152;141;339;229;306;magic-guard|inner-focus|synchronize;psychic;9;195
kadabra;284;185;174;372;262;339;magic-guard|inner-focus|synchronize;psychic;13;565
alakazam;314;218;207;405;317;372;magic-guard|inner-focus|synchronize;psychic;15;480
machop;344;284;218;185;185;185;steadfast|no-guard|guts;fighting;8;195
machoke;364;328;262;218;240;207;steadfast|no-guard|guts;fighting;15;705
machamp;384;394;284;251;295;229;steadfast|no-guard|guts;fighting;16;1300
bellsprout;304;273;185;262;174;196;gluttony|chlorophyll;poison|grass;7;40
weepinbell;334;306;218;295;207;229;gluttony|chlorophyll;poison|grass;10;64
victreebel;364;339;251;328;262;262;gluttony|chlorophyll;poison|grass;17;155
tentacool;284;196;185;218;328;262;rain-dish|liquid-ooze|clear-body;poison|water;9;455
tentacruel;364;262;251;284;372;328;rain-dish|liquid-ooze|clear-body;poison|water;16;550
geodude;284;284;328;174;174;152;sand-veil|sturdy|rock-head;ground|rock;4;200
graveler;314;317;361;207;207;185;sand-veil|sturdy|rock-head;ground|rock;10;1050
golem;364;372;394;229;251;207;sand-veil|sturdy|rock-head;ground|rock;14;3000
ponyta;304;295;229;251;251;306;flame-body|flash-fire|run-away;fire;10;300
rapidash;334;328;262;284;284;339;flame-body|flash-fire|run-away;fire;17;950
slowpoke;384;251;251;196;196;141;regenerator|own-tempo|oblivious;psychic|water;12;360
slowbro;394;273;350;328;284;174;regenerator|own-tempo|oblivious;psychic|water;16;785
magnemite;254;185;262;317;229;207;analytic|sturdy|magnet-pull;steel|electric;3;60
magneton;304;240;317;372;262;262;analytic|sturdy|magnet-pull;steel|electric;10;600
farfetchd;308;306;229;236;245;240;defiant|inner-focus|keen-eye;flying|normal;8;150
doduo;274;295;207;185;185;273;tangled-feet|early-bird|run-away;flying|normal;14;392
dodrio;324;350;262;240;240;350;tangled-feet|early-bird|run-away;flying|normal;18;852
seel;334;207;229;207;262;207;ice-body|hydration|thick-fat;water;11;900
dewgong;384;262;284;262;317;262;ice-body|hydration|thick-fat;ice|water;17;1200
grimer;364;284;218;196;218;163;poison-touch|sticky-hold|stench;poison;9;300
muk;414;339;273;251;328;218;poison-touch|sticky-hold|stench;poison;12;300
shellder;264;251;328;207;163;196;overcoat|skill-link|shell-armor;water;3;40
cloyster;304;317;504;295;207;262;overcoat|skill-link|shell-armor;ice|water;15;1325
gastly;264;185;174;328;185;284;levitate;poison|ghost;13;1
haunter;294;218;207;361;229;317;levitate;poison|ghost;16;1
gengar;324;251;240;394;273;350;cursed-body;poison|ghost;15;405
onix;274;207;460;174;207;262;weak-armor|sturdy|rock-head;ground|rock;88;2100
drowzee;324;214;207;203;306;201;inner-focus|forewarn|insomnia;psychic;10;324
hypno;374;269;262;269;361;256;inner-focus|forewarn|insomnia;psychic;16;756
krabby;264;339;306;163;163;218;sheer-force|shell-armor|hyper-cutter;water;4;65
kingler;314;394;361;218;218;273;sheer-force|shell-armor|hyper-cutter;water;13;600
voltorb;284;174;218;229;229;328;aftermath|static|soundproof;electric;5;104
electrode;324;218;262;284;284;438;aftermath|static|soundproof;electric;12;666
exeggcute;324;196;284;240;207;196;harvest|chlorophyll;psychic|grass;4;25
exeggutor;394;317;295;383;273;229;harvest|chlorophyll;psychic|grass;20;1200
cubone;304;218;317;196;218;185;battle-armor|lightning-rod|rock-head;ground;4;65
marowak;324;284;350;218;284;207;battle-armor|lightning-rod|rock-head;ground;10;450
hitmonlee;304;372;225;185;350;300;unburden|reckless|limber;fighting;15;498
hitmonchan;304;339;282;185;350;276;inner-focus|iron-fist|keen-eye;fighting;14;502
lickitung;384;229;273;240;273;174;cloud-nine|oblivious|own-tempo;normal;12;655
koffing;284;251;317;240;207;185;levitate;poison;6;10
weezing;334;306;372;295;262;240;levitate;poison;12;95
rhyhorn;364;295;317;174;174;163;reckless|rock-head|lightning-rod;rock|ground;10;1150
rhydon;414;394;372;207;207;196;reckless|rock-head|lightning-rod;rock|ground;19;1200
chansey;704;119;119;185;339;218;healer|serene-grace|natural-cure;normal;11;346
tangela;334;229;361;328;196;240;regenerator|leaf-guard|chlorophyll;grass;10;350
kangaskhan;414;317;284;196;284;306;inner-focus|scrappy|early-bird;normal;22;800
horsea;264;196;262;262;163;240;damp|sniper|swift-swim;water;4;80
seadra;314;251;317;317;207;295;damp|sniper|poison-point;water;12;250
goldeen;294;256;240;185;218;247;lightning-rod|water-veil|swift-swim;water;6;150
seaking;364;311;251;251;284;258;lightning-rod|water-veil|swift-swim;water;13;390
staryu;264;207;229;262;229;295;analytic|natural-cure|illuminate;water;8;345
starmie;324;273;295;328;295;361;analytic|natural-cure|illuminate;psychic|water;11;800
mr-mime;284;207;251;328;372;306;technician|filter|soundproof;fairy|psychic;13;545
scyther;344;350;284;229;284;339;steadfast|technician|swarm;flying|bug;15;560
jynx;334;218;185;361;317;317;dry-skin|forewarn|oblivious;psychic|ice;14;406
electabuzz;334;291;234;317;295;339;vital-spirit|static;electric;11;300
magmar;334;317;234;328;295;313;vital-spirit|flame-body;fire;13;445
pinsir;334;383;328;229;262;295;moxie|mold-breaker|hyper-cutter;bug;15;550
tauros;354;328;317;196;262;350;sheer-force|anger-point|intimidate;normal;14;884
magikarp;244;130;229;141;152;284;rattled|swift-swim;water;9;100
gyarados;394;383;282;240;328;287;moxie|intimidate;flying|water;65;2350
lapras;464;295;284;295;317;240;hydration|shell-armor|water-absorb;ice|water;25;2200
ditto;300;214;214;214;214;214;imposter|limber;normal;3;40
eevee;314;229;218;207;251;229;anticipation|adaptability|run-away;normal;3;65
vaporeon;464;251;240;350;317;251;hydration|water-absorb;water;10;290
jolteon;334;251;240;350;317;394;quick-feet|volt-absorb;electric;8;245
flareon;334;394;240;317;350;251;guts|flash-fire;fire;9;250
porygon;334;240;262;295;273;196;analytic|download|trace;normal;8;365
omanyte;274;196;328;306;229;185;weak-armor|shell-armor|swift-swim;water|rock;4;75
omastar;344;240;383;361;262;229;weak-armor|shell-armor|swift-swim;water|rock;10;350
kabuto;264;284;306;229;207;229;weak-armor|battle-armor|swift-swim;water|rock;5;115
kabutops;324;361;339;251;262;284;weak-armor|battle-armor|swift-swim;water|rock;13;405
aerodactyl;364;339;251;240;273;394;unnerve|pressure|rock-head;flying|rock;18;590
snorlax;524;350;251;251;350;174;gluttony|thick-fat|immunity;normal;21;4600
articuno;384;295;328;317;383;295;snow-cloak|pressure;flying|ice;17;554
zapdos;384;306;295;383;306;328;static|pressure;flying|electric;16;526
moltres;384;328;306;383;295;306;flame-body|pressure;flying|fire;20;600
dratini;286;249;207;218;218;218;marvel-scale|shed-skin;dragon;18;33
dragonair;326;293;251;262;262;262;marvel-scale|shed-skin;dragon;40;165
dragonite;386;403;317;328;328;284;multiscale|inner-focus;flying|dragon;22;2100
mewtwo;416;350;306;447;306;394;unnerve|pressure;psychic;20;1220
mew;404;328;328;328;328;328;synchronize;psychic;4;40
chikorita;294;216;251;216;251;207;leaf-guard|overgrow;grass;9;64
bayleef;324;245;284;247;284;240;leaf-guard|overgrow;grass;12;158
meganium;364;289;328;291;328;284;leaf-guard|overgrow;grass;18;1005
cyndaquil;282;223;203;240;218;251;flash-fire|blaze;fire;5;79
quilava;320;249;236;284;251;284;flash-fire|blaze;fire;9;190
typhlosion;360;293;280;348;295;328;flash-fire|blaze;fire;17;795
totodile;304;251;249;205;214;203;sheer-force|torrent;water;6;95
croconaw;334;284;284;238;247;236;sheer-force|torrent;water;11;250
feraligatr;374;339;328;282;291;280;sheer-force|torrent;water;23;888
sentret;274;210;183;185;207;152;frisk|keen-eye|run-away;normal;8;60
furret;374;276;249;207;229;306;frisk|keen-eye|run-away;normal;18;325
hoothoot;324;174;174;188;232;218;tinted-lens|keen-eye|insomnia;flying|normal;7;212
noctowl;404;218;218;298;320;262;tinted-lens|keen-eye|insomnia;flying|normal;16;408
ledyba;284;152;174;196;284;229;rattled|early-bird|swarm;flying|bug;10;108
ledian;314;185;218;229;350;295;iron-fist|early-bird|swarm;flying|bug;14;356
spinarak;284;240;196;196;196;174;sniper|insomnia|swarm;poison|bug;5;85
ariados;344;306;262;240;262;196;sniper|insomnia|swarm;poison|bug;11;335
crobat;374;306;284;262;284;394;infiltrator|inner-focus;flying|poison;18;750
chinchou;354;192;192;232;232;256;water-absorb|illuminate|volt-absorb;electric|water;5;120
lanturn;454;236;236;276;276;256;water-absorb|illuminate|volt-absorb;electric|water;12;225
pichu;244;196;141;185;185;240;lightning-rod|static;electric;3;20
cleffa;304;163;170;207;229;141;friend-guard|magic-guard|cute-charm;fairy;3;30
igglybuff;384;174;141;196;152;141;friend-guard|competitive|cute-charm;fairy|normal;3;10
togepi;274;152;251;196;251;152;super-luck|serene-grace|hustle;fairy;3;15
togetic;314;196;295;284;339;196;super-luck|serene-grace|hustle;flying|fairy;6;32
natu;284;218;207;262;207;262;magic-bounce|early-bird|synchronize;flying|psychic;2;20
xatu;334;273;262;317;262;317;magic-bounce|early-bird|synchronize;flying|psychic;15;150
mareep;314;196;196;251;207;185;plus|static;electric;6;78
flaaffy;344;229;229;284;240;207;plus|static;electric;8;133
ampharos;384;273;295;361;306;229;plus|static;electric;14;615
bellossom;354;284;317;306;328;218;healer|chlorophyll;grass;4;58
marill;344;152;218;152;218;196;sap-sipper|huge-power|thick-fat;fairy|water;4;85
azumarill;404;218;284;240;284;218;sap-sipper|huge-power|thick-fat;fairy|water;8;285
sudowoodo;344;328;361;174;251;174;rattled|rock-head|sturdy;rock;12;380
politoed;384;273;273;306;328;262;drizzle|damp|water-absorb;water;11;339
hoppip;274;185;196;185;229;218;infiltrator|leaf-guard|chlorophyll;flying|grass;4;5
skiploom;314;207;218;207;251;284;infiltrator|leaf-guard|chlorophyll;flying|grass;6;10
jumpluff;354;229;262;229;317;350;infiltrator|leaf-guard|chlorophyll;flying|grass;8;30
aipom;314;262;229;196;229;295;skill-link|pickup|run-away;normal;8;115
sunkern;264;174;174;174;174;174;early-bird|solar-power|chlorophyll;grass;3;18
sunflora;354;273;229;339;295;174;early-bird|solar-power|chlorophyll;grass;8;85
yanma;334;251;207;273;207;317;frisk|compound-eyes|speed-boost;flying|bug;12;380
wooper;314;207;207;163;163;141;unaware|water-absorb|damp;ground|water;4;85
quagsire;394;295;295;251;251;185;unaware|water-absorb|damp;ground|water;14;750
espeon;334;251;240;394;317;350;magic-bounce|synchronize;psychic;9;265
umbreon;394;251;350;240;394;251;inner-focus|synchronize;dark;10;270
murkrow;324;295;201;295;201;309;prankster|super-luck|insomnia;flying|dark;5;21
slowking;394;273;284;328;350;174;regenerator|own-tempo|oblivious;psychic|water;20;795
misdreavus;324;240;240;295;295;295;levitate;ghost;7;10
unown;300;267;214;267;214;214;levitate;psychic;5;50
wobbuffet;584;181;236;181;236;181;telepathy|shadow-tag;psychic;13;285
girafarig;344;284;251;306;251;295;sap-sipper|early-bird|inner-focus;psychic|normal;15;415
pineco;304;251;306;185;185;141;overcoat|sturdy;bug;6;72
forretress;354;306;416;240;240;196;overcoat|sturdy;steel|bug;12;1258
dunsparce;404;262;262;251;251;207;rattled|run-away|serene-grace;normal;15;140
gligar;334;273;339;185;251;295;immunity|sand-veil|hyper-cutter;flying|ground;11;648
steelix;354;295;548;229;251;174;sheer-force|sturdy|rock-head;ground|steel;92;4000
snubbull;324;284;218;196;196;174;rattled|run-away|intimidate;fairy;6;78
granbull;384;372;273;240;240;207;rattled|quick-feet|intimidate;fairy;14;487
qwilfish;334;317;295;229;229;295;intimidate|swift-swim|poison-point;poison|water;5;39
scizor;344;394;328;229;284;251;light-metal|technician|swarm;steel|bug;18;1180
shuckle;244;130;614;130;614;119;contrary|gluttony|sturdy;rock|bug;6;205
heracross;364;383;273;196;317;295;moxie|guts|swarm;fighting|bug;15;540
sneasel;314;317;229;185;273;361;pickpocket|keen-eye|inner-focus;ice|dark;9;280
teddiursa;324;284;218;218;218;196;honey-gather|quick-feet|pickup;normal;6;88
ursaring;384;394;273;273;273;229;unnerve|quick-feet|guts;normal;18;1258
slugma;284;196;196;262;196;152;weak-armor|flame-body|magma-armor;fire;7;350
magcargo;324;218;372;306;284;174;weak-armor|flame-body|magma-armor;rock|fire;8;550
swinub;304;218;196;174;174;218;thick-fat|snow-cloak|oblivious;ground|ice;4;65
piloswine;404;328;284;240;240;218;thick-fat|snow-cloak|oblivious;ground|ice;11;558
corsola;334;229;317;251;317;185;regenerator|natural-cure|hustle;rock|water;6;50
remoraid;274;251;185;251;185;251;moody|sniper|hustle;water;6;120
octillery;354;339;273;339;273;207;moody|sniper|suction-cups;water;9;285
delibird;294;229;207;251;207;273;insomnia|hustle|vital-spirit;flying|ice;9;160
mantine;374;196;262;284;416;262;water-veil|water-absorb|swift-swim;flying|water;21;2200
skarmory;334;284;416;196;262;262;weak-armor|sturdy|keen-eye;flying|steel;17;505
houndour;294;240;174;284;218;251;unnerve|flash-fire|early-bird;fire|dark;6;108
houndoom;354;306;218;350;284;317;unnerve|flash-fire|early-bird;fire|dark;14;350
kingdra;354;317;317;317;317;295;damp|sniper|swift-swim;dragon|water;18;1520
phanpy;384;240;240;196;196;196;sand-veil|pickup;ground;5;335
donphan;384;372;372;240;240;218;sand-veil|sturdy;ground;11;1200
porygon2;374;284;306;339;317;240;analytic|download|trace;normal;6;325
stantler;350;317;245;295;251;295;sap-sipper|frisk|intimidate;normal;14;712
smeargle;314;152;185;152;207;273;moody|technician|own-tempo;normal;12;580
tyrogue;274;185;185;185;185;185;vital-spirit|steadfast|guts;fighting;7;210
hitmontop;304;317;317;185;350;262;steadfast|technician|intimidate;fighting;14;480
smoochum;294;174;141;295;251;251;hydration|forewarn|oblivious;psychic|ice;4;60
elekid;294;247;190;251;229;317;vital-spirit|static;electric;6;235
magby;294;273;190;262;229;291;vital-spirit|flame-body;fire;7;214
miltank;394;284;339;196;262;328;sap-sipper|scrappy|thick-fat;normal;12;755
blissey;714;130;130;273;405;229;healer|serene-grace|natural-cure;normal;15;468
raikou;384;295;273;361;328;361;inner-focus|pressure;electric;19;1780
entei;434;361;295;306;273;328;inner-focus|pressure;fire;21;1980
suicune;404;273;361;306;361;295;inner-focus|pressure;water;20;1870
larvitar;304;249;218;207;218;199;sand-veil|guts;ground|rock;6;720
pupitar;344;293;262;251;262;221;shed-skin;ground|rock;12;1520
tyranitar;404;403;350;317;328;243;unnerve|sand-stream;dark|rock;20;2020
lugia;416;306;394;306;447;350;multiscale|pressure;flying|psychic;52;2160
ho-oh;416;394;306;350;447;306;regenerator|pressure;flying|fire;38;1990
celebi;404;328;328;328;328;328;natural-cure;grass|psychic;6;50
treecko;284;207;185;251;229;262;unburden|overgrow;grass;5;50
grovyle;304;251;207;295;251;317;unburden|overgrow;grass;9;216
sceptile;344;295;251;339;295;372;unburden|overgrow;grass;17;522
torchic;294;240;196;262;218;207;speed-boost|blaze;fire;4;25
combusken;324;295;240;295;240;229;speed-boost|blaze;fighting|fire;9;195
blaziken;364;372;262;350;262;284;speed-boost|blaze;fighting|fire;19;520
mudkip;304;262;218;218;218;196;damp|torrent;water;4;76
marshtomp;344;295;262;240;262;218;damp|torrent;ground|water;7;280
swampert;404;350;306;295;306;240;damp|torrent;ground|water;15;819
poochyena;274;229;185;174;174;185;rattled|quick-feet|run-away;dark;5;136
mightyena;344;306;262;240;240;262;moxie|quick-feet|intimidate;dark;10;370
zigzagoon;280;174;199;174;199;240;quick-feet|gluttony|pickup;normal;4;175
linoone;360;262;243;218;243;328;quick-feet|gluttony|pickup;normal;5;325
wurmple;294;207;185;152;174;152;run-away|shield-dust;bug;3;36
silcoon;304;185;229;163;163;141;shed-skin;bug;6;100
beautifly;324;262;218;328;218;251;rivalry|swarm;flying|bug;10;284
cascoon;304;185;229;163;163;141;shed-skin;bug;7;115
dustox;324;218;262;218;306;251;compound-eyes|shield-dust;poison|bug;12;316
lotad;284;174;174;196;218;174;own-tempo|rain-dish|swift-swim;grass|water;5;26
lombre;324;218;218;240;262;218;own-tempo|rain-dish|swift-swim;grass|water;12;325
ludicolo;364;262;262;306;328;262;own-tempo|rain-dish|swift-swim;grass|water;15;550
seedot;284;196;218;174;174;174;pickpocket|early-bird|chlorophyll;grass;5;40
nuzleaf;344;262;196;240;196;240;pickpocket|early-bird|chlorophyll;dark|grass;10;280
shiftry;384;328;240;306;240;284;pickpocket|early-bird|chlorophyll;dark|grass;13;596
taillow;284;229;174;174;174;295;scrappy|guts;flying|normal;3;23
swellow;324;295;240;273;218;383;scrappy|guts;flying|normal;7;198
wingull;284;174;174;229;174;295;rain-dish|hydration|keen-eye;flying|water;6;95
pelipper;324;218;328;317;262;251;rain-dish|drizzle|keen-eye;flying|water;12;280
ralts;260;163;163;207;185;196;telepathy|trace|synchronize;fairy|psychic;4;66
kirlia;280;185;185;251;229;218;telepathy|trace|synchronize;fairy|psychic;8;202
gardevoir;340;251;251;383;361;284;telepathy|trace|synchronize;fairy|psychic;16;484
surskit;284;174;179;218;223;251;rain-dish|swift-swim;water|bug;5;17
masquerain;344;240;245;328;289;284;unnerve|intimidate;flying|bug;8;36
shroomish;324;196;240;196;240;185;quick-feet|poison-heal|effect-spore;grass;4;45
breloom;324;394;284;240;240;262;technician|poison-heal|effect-spore;fighting|grass;12;392
slakoth;324;240;240;185;185;174;truant;normal;8;240
vigoroth;364;284;284;229;229;306;vital-spirit;normal;14;465
slaking;504;460;328;317;251;328;truant;normal;20;1305
nincada;266;207;306;174;174;196;run-away|compound-eyes;ground|bug;5;55
ninjask;326;306;207;218;218;460;infiltrator|speed-boost;flying|bug;8;120
shedinja;206;306;207;174;174;196;wonder-guard;ghost|bug;8;12
whismur;332;221;159;221;159;170;rattled|soundproof;normal;6;163
loudred;372;265;203;265;203;214;scrappy|soundproof;normal;10;405
exploud;412;309;247;309;269;258;scrappy|soundproof;normal;15;840
makuhita;348;240;174;152;174;163;sheer-force|guts|thick-fat;fighting;10;864
hariyama;492;372;240;196;240;218;sheer-force|guts|thick-fat;fighting;23;2538
azurill;304;152;196;152;196;152;sap-sipper|huge-power|thick-fat;fairy|normal;2;20
nosepass;264;207;405;207;306;174;sand-force|magnet-pull|sturdy;rock;10;970
skitty;304;207;207;185;185;218;wonder-skin|normalize|cute-charm;normal;6;110
delcatty;344;251;251;229;229;306;wonder-skin|normalize|cute-charm;normal;11;326
sableye;304;273;273;251;251;218;prankster|stall|keen-eye;ghost|dark;5;110
mawile;304;295;295;229;229;218;sheer-force|intimidate|hyper-cutter;fairy|steel;6;115
aron;304;262;328;196;196;174;heavy-metal|rock-head|sturdy;rock|steel;4;600
lairon;324;306;416;218;218;196;heavy-metal|rock-head|sturdy;rock|steel;9;1200
aggron;344;350;504;240;240;218;heavy-metal|rock-head|sturdy;rock|steel;21;3600
meditite;264;196;229;196;229;240;telepathy|pure-power;psychic|fighting;6;112
medicham;324;240;273;240;273;284;telepathy|pure-power;psychic|fighting;13;315
electrike;284;207;196;251;196;251;minus|lightning-rod|static;electric;6;152
manectric;344;273;240;339;240;339;minus|lightning-rod|static;electric;15;402
plusle;324;218;196;295;273;317;lightning-rod|plus;electric;4;42
minun;324;196;218;273;295;317;volt-absorb|minus;electric;4;42
volbeat;334;269;273;212;295;295;prankster|swarm|illuminate;bug;7;177
illumise;334;212;273;269;295;295;prankster|tinted-lens|oblivious;bug;6;177
roselia;304;240;207;328;284;251;leaf-guard|poison-point|natural-cure;poison|grass;3;20
gulpin;344;203;225;203;225;196;gluttony|sticky-hold|liquid-ooze;poison;4;103
swalot;404;269;291;269;291;229;gluttony|sticky-hold|liquid-ooze;poison;17;800
carvanha;294;306;152;251;152;251;speed-boost|rough-skin;dark|water;8;208
sharpedo;344;372;196;317;196;317;speed-boost|rough-skin;dark|water;18;888
wailmer;464;262;185;262;185;240;pressure|oblivious|water-veil;water;20;1300
wailord;544;306;207;306;207;240;pressure|oblivious|water-veil;water;145;3980
numel;324;240;196;251;207;185;own-tempo|simple|oblivious;ground|fire;7;240
camerupt;344;328;262;339;273;196;anger-point|solid-rock|magma-armor;ground|fire;19;2200
torkoal;344;295;416;295;262;152;shell-armor|drought|white-smoke;fire;5;804
spoink;324;163;185;262;284;240;gluttony|own-tempo|thick-fat;psychic;7;306
grumpig;364;207;251;306;350;284;gluttony|own-tempo|thick-fat;psychic;9;715
spinda;324;240;240;240;240;240;contrary|tangled-feet|own-tempo;normal;11;50
trapinch;294;328;207;207;207;130;sheer-force|arena-trap|hyper-cutter;ground;7;150
vibrava;304;262;218;218;218;262;levitate;dragon|ground;11;153
flygon;364;328;284;284;284;328;levitate;dragon|ground;20;820
cacnea;304;295;196;295;196;185;water-absorb|sand-veil;grass;4;513
cacturne;344;361;240;361;240;229;water-absorb|sand-veil;dark|grass;13;774
swablu;294;196;240;196;273;218;cloud-nine|natural-cure;flying|normal;4;12
altaria;354;262;306;262;339;284;cloud-nine|natural-cure;flying|dragon;11;206
zangoose;350;361;240;240;240;306;toxic-boost|immunity;normal;13;403
seviper;350;328;240;328;240;251;infiltrator|shed-skin;poison;27;525
lunatone;384;229;251;317;295;262;levitate;psychic|rock;10;1680
solrock;384;317;295;229;251;262;levitate;psychic|rock;12;1540
barboach;304;214;203;210;199;240;hydration|anticipation|oblivious;ground|water;4;19
whiscash;424;280;269;276;265;240;hydration|anticipation|oblivious;ground|water;9;236
corphish;290;284;251;218;185;185;adaptability|shell-armor|hyper-cutter;water;6;115
crawdaunt;330;372;295;306;229;229;adaptability|shell-armor|hyper-cutter;dark|water;11;328
baltoy;284;196;229;196;262;229;levitate;psychic|ground;5;215
claydol;324;262;339;262;372;273;levitate;psychic|ground;15;1080
lileep;336;199;278;243;300;159;storm-drain|suction-cups;grass|rock;10;238
cradily;376;287;322;287;344;203;storm-drain|suction-cups;grass|rock;15;604
anorith;294;317;218;196;218;273;swift-swim|battle-armor;bug|rock;7;125
armaldo;354;383;328;262;284;207;swift-swim|battle-armor;bug|rock;15;682
feebas;244;141;152;130;229;284;adaptability|oblivious|swift-swim;water;6;74
milotic;394;240;282;328;383;287;cute-charm|competitive|marvel-scale;water;62;1620
castform;344;262;262;262;262;262;forecast;normal;3;8
kecleon;324;306;262;240;372;196;protean|color-change;normal;10;220
shuppet;292;273;185;247;181;207;cursed-body|frisk|insomnia;ghost;6;23
banette;332;361;251;291;247;251;cursed-body|frisk|insomnia;ghost;11;125
duskull;244;196;306;174;306;163;frisk|levitate;ghost;8;150
dusclops;284;262;394;240;394;163;frisk|pressure;ghost;16;306
tropius;402;258;291;267;300;221;harvest|solar-power|chlorophyll;flying|grass;20;1000
chimecho;354;218;284;317;306;251;levitate;psychic;6;10
absol;334;394;240;273;240;273;justified|super-luck|pressure;dark;12;470
wynaut;394;159;214;159;214;159;telepathy|shadow-tag;psychic;6;140
snorunt;304;218;218;218;218;218;moody|ice-body|inner-focus;ice;7;168
glalie;364;284;284;284;284;284;moody|ice-body|inner-focus;ice;15;2565
spheal;344;196;218;229;218;163;oblivious|ice-body|thick-fat;water|ice;8;395
sealeo;384;240;262;273;262;207;oblivious|ice-body|thick-fat;water|ice;11;876
walrein;424;284;306;317;306;251;oblivious|ice-body|thick-fat;water|ice;14;1506
clamperl;274;249;295;271;229;179;rattled|shell-armor;water;4;525
huntail;314;337;339;315;273;223;water-veil|swift-swim;water;17;270
gorebyss;314;293;339;359;273;223;hydration|swift-swim;water;18;226
relicanth;404;306;394;207;251;229;sturdy|rock-head|swift-swim;rock|water;10;234
luvdisc;290;174;229;196;251;322;hydration|swift-swim;water;6;87
bagon;294;273;240;196;174;218;sheer-force|rock-head;dragon;6;421
shelgon;334;317;328;240;218;218;overcoat|rock-head;dragon;11;1105
salamence;394;405;284;350;284;328;moxie|intimidate;flying|dragon;15;1026
beldum;284;229;284;185;240;174;light-metal|clear-body;psychic|steel;6;952
metang;324;273;328;229;284;218;light-metal|clear-body;psychic|steel;12;2025
metagross;364;405;394;317;306;262;light-metal|clear-body;psychic|steel;16;5500
regirock;364;328;548;218;328;218;sturdy|clear-body;rock;17;2300
regice;364;218;328;328;548;218;ice-body|clear-body;ice;18;1750
registeel;364;273;438;273;438;218;light-metal|clear-body;steel;19;2050
latias;364;284;306;350;394;350;levitate;psychic|dragon;14;400
latios;364;306;284;394;350;350;levitate;psychic|dragon;20;600
kyogre;404;328;306;438;416;306;drizzle;water;45;3520
groudon;404;438;416;328;306;306;drought;ground;35;9500
rayquaza;414;438;306;438;306;317;air-lock;flying|dragon;70;2065
jirachi;404;328;328;328;328;328;serene-grace;psychic|steel;3;11
deoxys-normal;304;438;218;438;218;438;pressure;psychic;17;608
turtwig;314;258;249;207;229;177;shell-armor|overgrow;grass;4;102
grotle;354;304;295;229;251;188;shell-armor|overgrow;grass;11;970
torterra;394;348;339;273;295;232;shell-armor|overgrow;ground|grass;22;3100
chimchar;292;236;205;236;205;243;iron-fist|blaze;fire;5;62
monferno;332;280;223;280;223;287;iron-fist|blaze;fighting|fire;9;220
infernape;356;337;265;337;265;346;iron-fist|blaze;fighting|fire;12;550
piplup;310;221;225;243;232;196;defiant|torrent;water;4;52
prinplup;332;254;258;287;276;218;defiant|torrent;water;8;230
empoleon;372;298;302;353;331;240;defiant|torrent;steel|water;17;845
starly;284;229;174;174;174;240;reckless|keen-eye;flying|normal;3;20
staravia;314;273;218;196;196;284;reckless|intimidate;flying|normal;6;155
staraptor;374;372;262;218;240;328;reckless|intimidate;flying|normal;12;249
bidoof;322;207;196;185;196;177;moody|unaware|simple;normal;5;200
bibarel;362;295;240;229;240;265;moody|unaware|simple;water|normal;10;315
kricketot;278;163;199;163;199;163;run-away|shed-skin;bug;3;22
kricketune;358;295;221;229;221;251;technician|swarm;bug;10;255
shinx;294;251;183;196;183;207;guts|intimidate|rivalry;electric;5;95
luxio;324;295;216;240;216;240;guts|intimidate|rivalry;electric;9;305
luxray;364;372;282;317;282;262;guts|intimidate|rivalry;electric;14;420
budew;284;174;185;218;262;229;leaf-guard|poison-point|natural-cure;poison|grass;2;12
roserade;324;262;251;383;339;306;technician|poison-point|natural-cure;poison|grass;9;145
cranidos;338;383;196;174;174;236;sheer-force|mold-breaker;rock;9;315
rampardos;398;471;240;251;218;236;sheer-force|mold-breaker;rock;16;1025
shieldon;264;201;368;201;302;174;soundproof|sturdy;steel|rock;5;570
bastiodon;324;223;478;212;412;174;soundproof|sturdy;steel|rock;13;1495
burmy;284;172;207;172;207;188;overcoat|shed-skin;bug;2;34
wormadam-plant;324;238;295;282;339;188;overcoat|anticipation;grass|bug;5;65
mothim;344;315;218;315;218;254;tinted-lens|swarm;flying|bug;9;233
combee;264;174;201;174;201;262;hustle|honey-gather;flying|bug;3;55
vespiquen;344;284;333;284;333;196;unnerve|pressure;flying|bug;12;385
pachirisu;324;207;262;207;306;317;volt-absorb|pickup|run-away;electric;4;39
buizel;314;251;185;240;174;295;water-veil|swift-swim;water;7;295
floatzel;374;339;229;295;218;361;water-veil|swift-swim;water;11;335
cherubi;294;185;207;245;225;185;chlorophyll;grass;4;33
cherrim;344;240;262;300;280;295;flower-gift;grass;5;93
shellos;356;214;214;234;245;183;sand-force|storm-drain|sticky-hold;water;3;63
gastrodon;426;291;258;311;289;194;sand-force|storm-drain|sticky-hold;ground|water;9;299
ambipom;354;328;254;240;254;361;skill-link|pickup|technician;normal;12;203
drifloon;384;218;183;240;205;262;flare-boost|unburden|aftermath;flying|ghost;4;12
drifblim;504;284;205;306;227;284;flare-boost|unburden|aftermath;flying|ghost;12;150
buneary;314;254;205;205;232;295;limber|klutz|run-away;normal;4;55
lopunny;334;276;293;227;320;339;limber|klutz|cute-charm;normal;12;333
mismagius;324;240;240;339;339;339;levitate;ghost;9;44
honchkrow;404;383;223;339;223;265;moxie|super-luck|insomnia;flying|dark;9;273
glameow;302;229;201;201;190;295;keen-eye|own-tempo|limber;normal;5;39
purugly;346;289;249;249;238;355;defiant|own-tempo|thick-fat;normal;10;438
chingling;294;174;218;251;218;207;levitate;psychic;2;6
stunky;330;247;212;199;199;271;keen-eye|aftermath|stench;dark|poison;4;192
skuntank;410;313;256;265;243;293;keen-eye|aftermath|stench;dark|poison;10;380
bronzor;318;161;298;161;298;159;heavy-metal|heatproof|levitate;psychic|steel;5;605
bronzong;338;304;364;282;364;181;heavy-metal|heatproof|levitate;psychic|steel;13;1870
bonsly;304;284;317;130;207;130;rattled|rock-head|sturdy;rock;5;150
mime-jr;244;163;207;262;306;240;technician|filter|soundproof;fairy|psychic;6;130
happiny;404;119;119;141;251;174;friend-guard|serene-grace|natural-cure;normal;6;244
chatot;356;251;207;311;201;309;big-pecks|tangled-feet|keen-eye;flying|normal;5;19
spiritomb;304;311;346;311;346;185;infiltrator|pressure;dark|ghost;10;1080
gible;320;262;207;196;207;201;rough-skin|sand-veil;ground|dragon;7;205
gabite;340;306;251;218;229;289;rough-skin|sand-veil;ground|dragon;14;560
garchomp;420;394;317;284;295;333;rough-skin|sand-veil;ground|dragon;19;950
munchlax;474;295;196;196;295;119;gluttony|thick-fat|pickup;normal;6;1050
riolu;284;262;196;185;196;240;prankster|inner-focus|steadfast;fighting;7;202
lucario;344;350;262;361;262;306;justified|inner-focus|steadfast;steel|fighting;12;540
hippopotas;340;267;280;192;201;179;sand-force|sand-stream;ground;8;495
hippowdon;420;355;368;258;267;212;sand-force|sand-stream;ground;20;3000
skorupi;284;218;306;174;229;251;keen-eye|sniper|battle-armor;bug|poison;8;120
drapion;344;306;350;240;273;317;keen-eye|sniper|battle-armor;dark|poison;13;615
croagunk;300;243;196;243;196;218;poison-touch|dry-skin|anticipation;fighting|poison;7;230
toxicroak;370;342;251;298;251;295;poison-touch|dry-skin|anticipation;fighting|poison;13;444
carnivine;352;328;267;306;267;210;levitate;grass;14;270
finneon;302;216;232;216;243;254;water-veil|storm-drain|swift-swim;water;4;70
lumineon;342;260;276;260;298;309;water-veil|storm-drain|swift-swim;water;12;240
mantyke;294;152;218;240;372;218;water-veil|water-absorb|swift-swim;flying|water;10;650
snover;324;245;218;245;240;196;soundproof|snow-warning;ice|grass;10;505
abomasnow;384;311;273;311;295;240;soundproof|snow-warning;ice|grass;22;1355
weavile;344;372;251;207;295;383;pickpocket|pressure;ice|dark;11;340
magnezone;344;262;361;394;306;240;analytic|sturdy|magnet-pull;steel|electric;12;1800
lickilicky;424;295;317;284;317;218;cloud-nine|oblivious|own-tempo;normal;17;1400
rhyperior;434;416;394;229;229;196;reckless|solid-rock|lightning-rod;rock|ground;24;2828
tangrowth;404;328;383;350;218;218;regenerator|leaf-guard|chlorophyll;grass;20;1286
electivire;354;379;256;317;295;317;vital-spirit|motor-drive;electric;18;1386
magmortar;354;317;256;383;317;291;vital-spirit|flame-body;fire;16;680
togekiss;374;218;317;372;361;284;super-luck|serene-grace|hustle;flying|fairy;15;380
yanmega;376;276;298;364;232;317;frisk|tinted-lens|speed-boost;flying|bug;19;515
leafeon;334;350;394;240;251;317;chlorophyll|leaf-guard;grass;10;255
glaceon;334;240;350;394;317;251;ice-body|snow-cloak;ice;8;259
gliscor;354;317;383;207;273;317;poison-heal|sand-veil|hyper-cutter;flying|ground;20;425
mamoswine;424;394;284;262;240;284;thick-fat|snow-cloak|oblivious;ground|ice;25;2910
porygon-z;374;284;262;405;273;306;analytic|download|adaptability;normal;9;340
gallade;340;383;251;251;361;284;justified|steadfast;fighting|psychic;16;520
probopass;324;229;427;273;438;196;sand-force|magnet-pull|sturdy;steel|rock;14;3400
dusknoir;294;328;405;251;405;207;frisk|pressure;ghost;22;1066
froslass;344;284;262;284;262;350;cursed-body|snow-cloak;ghost|ice;13;266
rotom;304;218;278;317;278;309;levitate;ghost|electric;3;3
uxie;354;273;394;273;394;317;levitate;psychic;3;3
mesprit;364;339;339;339;339;284;levitate;psychic;3;3
azelf;354;383;262;383;262;361;levitate;psychic;3;3
dialga;404;372;372;438;328;306;telepathy|pressure;dragon|steel;54;6830
palkia;384;372;328;438;372;328;telepathy|pressure;dragon|water;42;3360
heatran;386;306;342;394;342;278;flame-body|flash-fire;steel|fire;17;4300
regigigas;424;460;350;284;350;328;slow-start;normal;37;4200
giratina-altered;504;328;372;328;372;306;telepathy|pressure;dragon|ghost;45;7500
cresselia;444;262;372;273;394;295;levitate;psychic;15;856
phione;364;284;284;284;284;284;hydration;water;4;31
manaphy;404;328;328;328;328;328;hydration;water;3;14
darkrai;344;306;306;405;306;383;bad-dreams;dark;15;505
shaymin-land;404;328;328;328;328;328;natural-cure;grass;2;21
arceus;444;372;372;372;372;372;multitype;normal;32;3200
victini;404;328;328;328;328;328;victory-star;fire|psychic;4;40
snivy;294;207;229;207;229;247;contrary|overgrow;grass;6;81
servine;324;240;273;240;273;291;contrary|overgrow;grass;8;160
serperior;354;273;317;273;317;357;contrary|overgrow;grass;33;630
tepig;334;247;207;207;207;207;thick-fat|blaze;fire;5;99
pignite;384;313;229;262;229;229;thick-fat|blaze;fighting|fire;10;555
emboar;424;379;251;328;251;251;reckless|blaze;fighting|fire;16;1500
oshawott;314;229;207;247;207;207;shell-armor|torrent;water;5;59
dewott;354;273;240;291;240;240;shell-armor|torrent;water;8;245
samurott;394;328;295;346;262;262;shell-armor|torrent;water;15;946
patrat;294;229;194;185;194;201;analytic|keen-eye|run-away;normal;5;116
watchog;324;295;260;240;260;278;analytic|keen-eye|illuminate;normal;11;270
lillipup;294;240;207;163;207;229;run-away|pickup|vital-spirit;normal;4;41
herdier;334;284;251;185;251;240;scrappy|sand-rush|intimidate;normal;9;147
stoutland;374;350;306;207;306;284;scrappy|sand-rush|intimidate;normal;12;610
purrloin;286;218;190;218;190;254;prankster|unburden|limber;dark;4;101
liepard;332;302;218;302;218;342;prankster|unburden|limber;dark;11;375
pansage;304;225;214;225;214;249;overgrow|gluttony;grass;6;105
simisage;354;324;247;324;247;331;overgrow|gluttony;grass;11;305
pansear;304;225;214;225;214;249;blaze|gluttony;fire;6;110
simisear;354;324;247;324;247;331;blaze|gluttony;fire;10;280
panpour;304;225;214;225;214;249;torrent|gluttony;water;6;135
simipour;354;324;247;324;247;331;torrent|gluttony;water;10;290
munna;356;163;207;256;229;161;telepathy|synchronize|forewarn;psychic;6;233
musharna;436;229;295;344;317;172;telepathy|synchronize|forewarn;psychic;11;605
pidove;304;229;218;188;174;203;rivalry|super-luck|big-pecks;flying|normal;3;21
tranquill;328;278;245;218;201;251;rivalry|super-luck|big-pecks;flying|normal;6;150
unfezant;364;361;284;251;229;313;rivalry|super-luck|big-pecks;flying|normal;12;290
blitzle;294;240;179;218;179;276;sap-sipper|motor-drive|lightning-rod;electric;8;298
zebstrika;354;328;247;284;247;364;sap-sipper|motor-drive|lightning-rod;electric;16;795
roggenrola;314;273;295;163;163;141;sand-force|weak-armor|sturdy;rock;4;180
boldore;344;339;339;218;196;152;sand-force|weak-armor|sturdy;rock;9;1020
gigalith;374;405;394;240;284;163;sand-force|sand-stream|sturdy;rock;17;2600
woobat;334;207;203;229;203;267;simple|klutz|unaware;flying|psychic;4;21
swoobat;338;234;229;278;229;359;simple|klutz|unaware;flying|psychic;9;105
drilbur;324;295;196;174;207;258;mold-breaker|sand-force|sand-rush;ground;3;85
excadrill;424;405;240;218;251;302;mold-breaker|sand-force|sand-rush;steel|ground;7;404
audino;410;240;298;240;298;218;klutz|regenerator|healer;normal;11;310
timburr;354;284;229;163;185;185;iron-fist|sheer-force|guts;fighting;6;125
gurdurr;374;339;295;196;218;196;iron-fist|sheer-force|guts;fighting;12;400
conkeldurr;414;416;317;229;251;207;iron-fist|sheer-force|guts;fighting;14;870
tympole;304;218;196;218;196;249;water-absorb|hydration|swift-swim;water;5;45
palpitoad;354;251;229;251;229;260;water-absorb|hydration|swift-swim;ground|water;8;170
seismitoad;414;317;273;295;273;271;water-absorb|poison-touch|swift-swim;ground|water;15;620
throh;444;328;295;174;295;207;mold-breaker|inner-focus|guts;fighting;13;555
sawk;354;383;273;174;273;295;mold-breaker|inner-focus|sturdy;fighting;14;510
sewaddle;294;225;262;196;240;201;overcoat|chlorophyll|swarm;grass|bug;3;25
swadloon;314;247;306;218;284;201;overcoat|chlorophyll|leaf-guard;grass|bug;5;73
leavanny;354;335;284;262;284;311;overcoat|chlorophyll|swarm;grass|bug;12;205
venipede;264;207;238;174;194;234;speed-boost|swarm|poison-point;poison|bug;4;53
whirlipede;284;229;326;196;282;212;speed-boost|swarm|poison-point;poison|bug;12;585
scolipede;324;328;304;229;260;355;speed-boost|swarm|poison-point;poison|bug;25;2005
cottonee;284;168;240;190;218;254;chlorophyll|infiltrator|prankster;fairy|grass;3;6
whimsicott;324;256;295;278;273;364;chlorophyll|infiltrator|prankster;fairy|grass;7;66
petilil;294;185;218;262;218;174;leaf-guard|own-tempo|chlorophyll;grass;5;66
lilligant;344;240;273;350;273;306;leaf-guard|own-tempo|chlorophyll;grass;11;163
basculin-red-striped;344;311;251;284;229;324;mold-breaker|adaptability|reckless;water;10;180
sandile;304;267;185;185;185;251;anger-point|moxie|intimidate;dark|ground;7;152
krokorok;324;289;207;207;207;271;anger-point|moxie|intimidate;dark|ground;10;334
krookodile;394;366;284;251;262;311;anger-point|moxie|intimidate;dark|ground;15;963
darumaka;344;306;207;141;207;218;inner-focus|hustle;fire;6;375
darmanitan-standard;414;416;229;174;229;317;zen-mode|sheer-force;fire;13;929
maractus;354;298;256;342;256;240;storm-drain|chlorophyll|water-absorb;grass;10;280
dwebble;304;251;295;185;185;229;weak-armor|shell-armor|sturdy;rock|bug;3;145
crustle;344;339;383;251;273;207;weak-armor|shell-armor|sturdy;rock|bug;14;2000
scraggy;304;273;262;185;262;214;intimidate|moxie|shed-skin;fighting|dark;6;118
scrafty;334;306;361;207;361;236;intimidate|moxie|shed-skin;fighting|dark;11;300
sigilyph;348;236;284;335;284;322;tinted-lens|magic-guard|wonder-skin;flying|psychic;14;140
yamask;280;174;295;229;251;174;mummy;ghost;5;15
cofagrigus;320;218;427;317;339;174;mummy;ghost;17;765
tirtouga;312;280;335;225;207;157;swift-swim|sturdy|solid-rock;rock|water;7;165
carracosta;352;346;401;291;251;179;swift-swim|sturdy|solid-rock;rock|water;12;810
archen;314;355;207;271;207;262;defeatist;flying|rock;5;95
archeops;354;416;251;355;251;350;defeatist;flying|rock;14;320
trubbish;304;218;245;196;245;251;aftermath|sticky-hold|stench;poison;6;310
garbodor;364;317;289;240;289;273;aftermath|weak-armor|stench;poison;19;1073
zorua;284;251;196;284;196;251;illusion;dark;7;125
zoroark;324;339;240;372;240;339;illusion;dark;16;811
minccino;314;218;196;196;196;273;skill-link|technician|cute-charm;normal;4;58
cinccino;354;317;240;251;240;361;skill-link|technician|cute-charm;normal;5;75
gothita;294;174;218;229;251;207;shadow-tag|competitive|frisk;psychic;4;58
gothorita;324;207;262;273;295;229;shadow-tag|competitive|frisk;psychic;7;180
gothitelle;344;229;317;317;350;251;shadow-tag|competitive|frisk;psychic;15;440
solosis;294;174;196;339;218;152;regenerator|magic-guard|overcoat;psychic;3;10
duosion;334;196;218;383;240;174;regenerator|magic-guard|overcoat;psychic;6;80
reuniclus;424;251;273;383;295;174;regenerator|magic-guard|overcoat;psychic;10;201
ducklett;328;205;218;205;218;229;hydration|big-pecks|keen-eye;flying|water;5;55
swanna;354;300;247;300;247;324;hydration|big-pecks|keen-eye;flying|water;13;242
vanillite;276;218;218;251;240;205;weak-armor|snow-cloak|ice-body;ice;4;57
vanillish;306;251;251;284;273;238;weak-armor|snow-cloak|ice-body;ice;11;410
vanilluxe;346;317;295;350;317;282;weak-armor|snow-warning|ice-body;ice;13;575
deerling;324;240;218;196;218;273;serene-grace|sap-sipper|chlorophyll;grass|normal;6;195
sawsbuck;364;328;262;240;262;317;serene-grace|sap-sipper|chlorophyll;grass|normal;19;925
emolga;314;273;240;273;240;335;motor-drive|static;flying|electric;4;50
karrablast;304;273;207;196;207;240;no-guard|shed-skin|swarm;bug;5;59
escavalier;344;405;339;240;339;152;overcoat|shell-armor|swarm;steel|bug;10;330
foongus;342;229;207;229;229;141;regenerator|effect-spore;poison|grass;2;10
amoonguss;432;295;262;295;284;174;regenerator|effect-spore;poison|grass;6;105
frillish;314;196;218;251;295;196;damp|cursed-body|water-absorb;ghost|water;12;330
jellicent;404;240;262;295;339;240;damp|cursed-body|water-absorb;ghost|water;22;1350
alomomola;534;273;284;196;207;251;regenerator|hydration|healer;water;12;316
joltik;304;212;218;234;218;251;swarm|unnerve|compound-eyes;electric|bug;1;6
galvantula;344;278;240;322;240;346;swarm|unnerve|compound-eyes;electric|bug;8;143
ferroseed;292;218;309;161;298;130;iron-barbs;steel|grass;6;188
ferrothorn;352;315;397;227;364;152;anticipation|iron-barbs;steel|grass;10;1100
klink;284;229;262;207;240;174;clear-body|minus|plus;steel;3;210
klang;324;284;317;262;295;218;clear-body|minus|plus;steel;6;510
klinklang;324;328;361;262;295;306;clear-body|minus|plus;steel;6;810
tynamo;274;229;196;207;196;240;levitate;electric;2;3
eelektrik;334;295;262;273;262;196;levitate;electric;12;220
eelektross;374;361;284;339;284;218;levitate;electric;21;805
elgyem;314;229;229;295;229;174;analytic|synchronize|telepathy;psychic;5;90
beheeyem;354;273;273;383;317;196;analytic|synchronize|telepathy;psychic;10;345
litwick;304;174;229;251;229;152;infiltrator|flame-body|flash-fire;fire|ghost;3;31
lampent;324;196;240;317;240;229;infiltrator|flame-body|flash-fire;fire|ghost;6;130
chandelure;324;229;306;427;306;284;infiltrator|flame-body|flash-fire;fire|ghost;10;343
axew;296;300;240;174;196;234;unnerve|mold-breaker|rivalry;dragon;6;180
fraxure;336;366;262;196;218;256;unnerve|mold-breaker|rivalry;dragon;10;360
haxorus;356;432;306;240;262;322;unnerve|mold-breaker|rivalry;dragon;18;1055
cubchoo;314;262;196;240;196;196;rattled|slush-rush|snow-cloak;ice;5;85
beartic;394;394;284;262;284;218;swift-swim|slush-rush|snow-cloak;ice;26;2600
cryogonal;364;218;218;317;405;339;levitate;ice;11;1480
shelmet;304;196;295;196;251;163;overcoat|shell-armor|hydration;bug;4;77
accelgor;364;262;196;328;240;427;unburden|sticky-hold|hydration;bug;8;253
stunfisk;422;254;293;287;326;179;sand-veil|limber|static;electric|ground;7;110
mienfoo;294;295;218;229;218;251;reckless|regenerator|inner-focus;fighting;9;200
mienshao;334;383;240;317;240;339;reckless|regenerator|inner-focus;fighting;14;355
druddigon;358;372;306;240;306;214;mold-breaker|sheer-force|rough-skin;dragon;16;1390
golett;322;271;218;185;218;185;no-guard|klutz|iron-fist;ghost|ground;10;920
golurk;382;381;284;229;284;229;no-guard|klutz|iron-fist;ghost|ground;28;3300
pawniard;294;295;262;196;196;240;pressure|inner-focus|defiant;steel|dark;5;102
bisharp;334;383;328;240;262;262;pressure|inner-focus|defiant;steel|dark;16;700
bouffalant;394;350;317;196;317;229;soundproof|sap-sipper|reckless;normal;16;946
rufflet;344;291;218;190;218;240;hustle|sheer-force|keen-eye;flying|normal;5;105
braviary;404;379;273;234;273;284;defiant|sheer-force|keen-eye;flying|normal;15;410
vullaby;344;229;273;207;251;240;weak-armor|overcoat|big-pecks;flying|dark;5;90
mandibuzz;424;251;339;229;317;284;weak-armor|overcoat|big-pecks;flying|dark;12;395
heatmor;374;322;254;339;254;251;white-smoke|flash-fire|gluttony;fire;14;580
durant;320;348;355;214;214;348;truant|hustle|swarm;steel|bug;3;330
deino;308;251;218;207;218;192;hustle;dragon|dark;8;173
zweilous;348;295;262;251;262;236;hustle;dragon|dark;14;500
hydreigon;388;339;306;383;306;324;levitate;dragon|dark;18;1600
larvesta;314;295;229;218;229;240;swarm|flame-body;fire|bug;11;288
volcarona;374;240;251;405;339;328;swarm|flame-body;fire|bug;16;460
cobalion;386;306;392;306;267;346;justified;fighting|steel;21;2500
terrakion;386;392;306;267;306;346;justified;fighting|rock;19;2600
virizion;386;306;267;306;392;346;justified;fighting|grass;20;2000
tornadus-incarnate;362;361;262;383;284;353;defiant|prankster;flying;15;630
thundurus-incarnate;362;361;262;383;284;353;defiant|prankster;flying|electric;15;610
reshiram;404;372;328;438;372;306;turboblaze;fire|dragon;32;3300
zekrom;404;438;372;372;328;306;teravolt;electric|dragon;29;3450
landorus-incarnate;382;383;306;361;284;331;sheer-force|sand-force;flying|ground;15;680
kyurem;454;394;306;394;306;317;pressure;ice|dragon;30;3250
keldeo-ordinary;386;267;306;392;306;346;justified;fighting|water;14;485
meloetta-aria;404;278;278;390;390;306;serene-grace;psychic|normal;6;65
genesect;346;372;317;372;317;326;download;steel|bug;15;825
chespin;316;243;251;214;207;192;bulletproof|overgrow;grass;4;90
quilladin;326;280;317;232;236;234;bulletproof|overgrow;grass;7;290
chesnaught;380;344;377;271;273;249;bulletproof|overgrow;fighting|grass;16;900
fennekin;284;207;196;245;240;240;magician|blaze;fire;4;94
braixen;322;238;236;306;262;269;magician|blaze;fire;10;145
delphox;354;260;267;359;328;337;magician|blaze;psychic|fire;15;390
froakie;286;232;196;245;205;265;protean|torrent;water;3;70
frogadier;312;247;223;291;232;322;protean|torrent;water;6;109
greninja;348;317;256;335;265;377;protean|torrent;dark|water;15;400
bunnelby;280;188;192;179;188;234;huge-power|cheek-pouch|pickup;normal;4;50
diggersby;374;232;278;218;278;280;huge-power|cheek-pouch|pickup;ground|normal;10;424
fletchling;294;218;203;196;192;245;gale-wings|big-pecks;flying|normal;3;17
fletchinder;328;269;229;232;223;293;gale-wings|flame-body;flying|fire;7;160
talonflame;360;287;265;271;260;386;gale-wings|flame-body;flying|fire;12;245
scatterbug;280;185;196;168;163;185;friend-guard|compound-eyes|shield-dust;bug;3;25
spewpa;294;157;240;168;174;172;friend-guard|shed-skin;bug;3;84
vivillon;364;223;218;306;218;304;friend-guard|compound-eyes|shield-dust;flying|bug;12;170
litleo;328;218;236;269;227;267;moxie|unnerve|rivalry;normal|fire;6;135
pyroar;376;258;267;348;254;342;moxie|unnerve|rivalry;normal|fire;15;815
flabebe;292;192;194;243;282;201;symbiosis|flower-veil;fairy;1;1
floette;312;207;212;273;324;223;symbiosis|flower-veil;fairy;2;9
florges;360;251;258;355;447;273;symbiosis|flower-veil;fairy;11;100
skiddo;336;251;214;245;234;223;grass-pelt|sap-sipper;grass;9;310
gogoat;450;328;245;322;287;258;grass-pelt|sap-sipper;grass;17;910
pancham;338;289;245;210;214;203;scrappy|mold-breaker|iron-fist;fighting;6;80
pangoro;394;381;280;260;265;236;scrappy|mold-breaker|iron-fist;dark|fighting;21;1360
furfrou;354;284;240;251;306;333;fur-coat;normal;12;280
espurr;328;214;227;247;240;258;own-tempo|infiltrator|keen-eye;psychic;3;35
meowstic-male;352;214;276;291;287;337;prankster|infiltrator|keen-eye;psychic;6;85
honedge;294;284;328;185;190;170;no-guard;ghost|steel;8;20
doublade;322;350;438;207;216;185;no-guard;ghost|steel;8;45
aegislash-shield;324;218;438;218;438;240;stance-change;ghost|steel;17;530
spritzee;360;223;240;247;251;159;aroma-veil|healer;fairy;2;5
aromatisse;406;267;267;326;304;172;aroma-veil|healer;fairy;8;155
swirlix;328;214;254;238;234;216;unburden|sweet-veil;fairy;4;35
slurpuff;368;284;298;295;273;267;unburden|sweet-veil;fairy;8;50
inkay;310;227;225;190;210;207;infiltrator|suction-cups|contrary;psychic|dark;4;35
malamar;376;311;302;258;273;269;infiltrator|suction-cups|contrary;psychic|dark;15;470
binacle;288;223;256;194;232;218;pickpocket|sniper|tough-claws;water|rock;5;310
barbaracle;348;339;361;227;298;258;pickpocket|sniper|tough-claws;water|rock;13;960
skrelp;304;240;240;240;240;174;adaptability|poison-touch|poison-point;water|poison;5;73
dragalge;334;273;306;322;379;205;adaptability|poison-touch|poison-point;dragon|poison;18;815
clauncher;304;225;245;236;247;205;mega-launcher;water;5;83
clawitzer;346;269;302;372;304;238;mega-launcher;water;13;353
helioptile;292;192;181;243;203;262;solar-power|sand-veil|dry-skin;normal|electric;5;60
heliolisk;328;229;223;348;315;348;solar-power|sand-veil|dry-skin;normal|electric;10;210
tyrunt;320;304;278;207;207;214;sturdy|strong-jaw;dragon|rock;8;260
tyrantrum;368;375;370;260;238;265;rock-head|strong-jaw;dragon|rock;25;2700
amaura;358;238;218;256;247;210;snow-warning|refrigerate;ice|rock;13;252
aurorus;450;278;267;326;311;236;snow-warning|refrigerate;ice|rock;27;2250
sylveon;394;251;251;350;394;240;pixilate|cute-charm;fairy;10;235
hawlucha;360;311;273;271;247;368;mold-breaker|unburden|limber;flying|fighting;8;215
dedenne;338;236;234;287;256;331;plus|pickup|cheek-pouch;fairy|electric;2;22
carbink;304;218;438;218;438;218;sturdy|clear-body;fairy|rock;3;57
goomy;294;218;185;229;273;196;gooey|hydration|sap-sipper;dragon;3;28
sliggoo;340;273;225;291;357;240;gooey|hydration|sap-sipper;dragon;8;175
goodra;384;328;262;350;438;284;gooey|hydration|sap-sipper;dragon;20;1505
klefki;318;284;309;284;300;273;magician|prankster;fairy|steel;2;30
phantump;290;262;214;218;240;192;harvest|frisk|natural-cure;grass|ghost;4;70
trevenant;374;350;276;251;289;232;harvest|frisk|natural-cure;grass|ghost;15;710
pumpkaboo-average;302;254;262;205;229;221;insomnia|frisk|pickup;grass|ghost;4;50
gourgeist-average;334;306;377;236;273;293;insomnia|frisk|pickup;grass|ghost;9;125
bergmite;314;260;295;179;185;170;sturdy|ice-body|own-tempo;ice;10;995
avalugg;394;366;513;205;210;170;sturdy|ice-body|own-tempo;ice;20;5050
noibat;284;174;185;207;196;229;telepathy|infiltrator|frisk;dragon|flying;5;80
noivern;374;262;284;322;284;379;telepathy|infiltrator|frisk;dragon|flying;15;850
xerneas;456;397;317;397;324;326;fairy-aura;fairy;30;2150
yveltal;456;397;317;397;324;326;dark-aura;flying|dark;58;2030
zygarde;420;328;375;287;317;317;aura-break;ground|dragon;50;3050
diancie;304;328;438;328;438;218;clear-body;fairy|rock;7;88
hoopa;364;350;240;438;394;262;magician;ghost|psychic;5;90
volcanion;364;350;372;394;306;262;water-absorb;water|fire;17;1950
rowlet;340;229;229;218;218;201;long-reach|overgrow;flying|grass;3;15
dartrix;360;273;273;262;262;223;long-reach|overgrow;flying|grass;7;160
decidueye;360;344;273;328;328;262;long-reach|overgrow;ghost|grass;16;366
litten;294;251;196;240;196;262;intimidate|blaze;fire;4;43
torracat;334;295;218;284;218;306;intimidate|blaze;fire;7;250
incineroar;394;361;306;284;306;240;intimidate|blaze;dark|fire;18;830
popplio;304;227;227;254;232;196;liquid-voice|torrent;water;4;75
brionne;324;260;260;309;287;218;liquid-voice|torrent;water;6;175
primarina;364;271;271;386;364;240;liquid-voice|torrent;fairy|water;18;440
pikipek;274;273;174;174;174;251;pickup|skill-link|keen-eye;flying|normal;3;12
trumbeak;314;295;218;196;218;273;pickup|skill-link|keen-eye;flying|normal;6;148
toucannon;364;372;273;273;273;240;sheer-force|skill-link|keen-eye;flying|normal;11;260
yungoos;300;262;174;174;174;207;adaptability|strong-jaw|stakeout;normal;4;60
gumshoos;380;350;240;229;240;207;adaptability|strong-jaw|stakeout;normal;7;142
grubbin;298;245;207;229;207;210;swarm;bug;4;44
charjabug;318;289;317;229;273;188;battery;electric|bug;5;105
vikavolt;358;262;306;427;273;203;levitate;electric|bug;15;450
crabrawler;298;289;234;201;212;247;anger-point|iron-fist|hyper-cutter;fighting;6;70
crabominable;398;399;278;245;256;203;anger-point|iron-fist|hyper-cutter;ice|fighting;17;1800
oricorio-baile;354;262;262;324;262;313;dancer;flying|fire;6;34
cutiefly;284;207;196;229;196;293;sweet-veil|shield-dust|honey-gather;fairy|bug;1;2
ribombee;324;229;240;317;262;381;sweet-veil|shield-dust|honey-gather;fairy|bug;2;5
rockruff;294;251;196;174;196;240;steadfast|vital-spirit|keen-eye;rock;5;92
lycanroc-midday;354;361;251;229;251;355;steadfast|sand-rush|keen-eye;rock;8;250
wishiwashi-solo;294;152;152;163;163;196;schooling;water;2;3
mareanie;304;225;245;203;223;207;regenerator|limber|merciless;water|poison;4;80
toxapex;304;247;443;225;421;185;regenerator|limber|merciless;water|poison;7;145
mudbray;344;328;262;207;229;207;inner-focus|stamina|own-tempo;ground;10;1100
mudsdale;404;383;328;229;295;185;inner-focus|stamina|own-tempo;ground;25;9200
dewpider;280;196;223;196;267;168;water-absorb|water-bubble;bug|water;3;40
araquanid;340;262;311;218;399;201;water-absorb|water-bubble;bug|water;18;820
fomantis;284;229;185;218;185;185;contrary|leaf-guard;grass;3;15
lurantis;344;339;306;284;306;207;contrary|leaf-guard;grass;9;185
morelull;284;185;229;251;273;141;rain-dish|effect-spore|illuminate;fairy|grass;2;15
shiinotic;324;207;284;306;328;174;rain-dish|effect-spore|illuminate;fairy|grass;10;115
salandit;300;205;196;265;196;278;oblivious|corrosion;fire|poison;6;48
salazzle;340;249;240;353;240;366;oblivious|corrosion;fire|poison;12;222
stufful;344;273;218;207;218;218;cute-charm|klutz|fluffy;fighting|normal;5;68
bewear;444;383;284;229;240;240;unnerve|klutz|fluffy;fighting|normal;21;1350
bounsweet;288;174;192;174;192;179;sweet-veil|oblivious|leaf-guard;grass;3;32
steenee;308;196;214;196;214;245;sweet-veil|oblivious|leaf-guard;grass;7;82
tsareena;348;372;324;218;324;267;sweet-veil|queenly-majesty|leaf-guard;grass;12;214
comfey;306;223;306;289;350;328;natural-cure|triage|flower-veil;fairy;1;3
oranguru;384;240;284;306;350;240;symbiosis|telepathy|inner-focus;psychic|normal;15;760
passimian;404;372;306;196;240;284;defiant|receiver;fighting;20;828
wimpod;254;185;196;152;174;284;wimp-out;water|bug;5;120
golisopod;354;383;416;240;306;196;emergency-exit;water|bug;20;1080
sandygast;314;229;284;262;207;141;sand-veil|water-compaction;ground|ghost;5;700
palossand;374;273;350;328;273;185;sand-veil|water-compaction;ground|ghost;13;2500
pyukumuku;314;240;394;174;394;119;unaware|innards-out;water;3;12
type-null;394;317;317;317;317;238;battle-armor;normal;19;1205
silvally;394;317;317;317;317;317;rks-system;normal;23;1005
minior-red-meteor;324;240;328;240;328;240;shields-down;flying|rock;3;400
komala;334;361;251;273;317;251;comatose;normal;4;199
turtonator;324;280;405;309;295;188;shell-armor;dragon|fire;20;2120
togedemaru;334;324;247;196;269;320;sturdy|lightning-rod|iron-barbs;steel|electric;3;33
mimikyu-disguised;314;306;284;218;339;320;disguise;fairy|ghost;2;7
bruxish;340;339;262;262;262;311;wonder-skin|strong-jaw|dazzling;psychic|water;9;190
drampa;360;240;295;405;309;188;cloud-nine|sap-sipper|berserk;dragon|normal;30;1850
dhelmise;344;397;328;298;306;196;steelworker;grass|ghost;39;2100
jangmo-o;294;229;251;207;207;207;overcoat|soundproof|bulletproof;dragon;6;297
hakamo-o;314;273;306;251;262;251;overcoat|soundproof|bulletproof;fighting|dragon;12;470
kommo-o;354;350;383;328;339;295;overcoat|soundproof|bulletproof;fighting|dragon;16;782
tapu-koko;344;361;295;317;273;394;telepathy|electric-surge;fairy|electric;18;205
tapu-lele;344;295;273;394;361;317;telepathy|psychic-surge;fairy|psychic;12;186
tapu-bulu;344;394;361;295;317;273;telepathy|grassy-surge;fairy|grass;19;455
tapu-fini;344;273;361;317;394;295;telepathy|misty-surge;fairy|water;13;212
cosmog;290;172;177;172;177;190;unaware;psychic;2;1
cosmoem;290;172;397;172;397;190;sturdy;psychic;1;9999
solgaleo;478;410;344;357;304;322;full-metal-body;steel|psychic;34;2300
lunala;478;357;304;410;344;322;shadow-shield;ghost|psychic;40;1200
nihilego;422;225;212;388;397;335;beast-boost;poison|rock;12;555
buzzwole;418;414;414;225;225;282;beast-boost;fighting|bug;24;3336
pheromosa;346;410;190;410;190;441;beast-boost;fighting|bug;18;250
xurkitree;370;304;265;489;265;291;beast-boost;electric;38;1000
celesteela;398;331;335;344;331;243;beast-boost;flying|steel;92;9999
kartana;322;507;397;238;177;348;beast-boost;steel|grass;3;1
guzzlord;650;331;225;322;225;203;beast-boost;dragon|dark;55;8880
necrozma;398;344;331;388;304;282;prism-armor;psychic;24;2300
magearna;364;317;361;394;361;251;soul-heart;fairy|steel;10;805
marshadow;384;383;284;306;306;383;technician;ghost|fighting;7;222
poipole;338;269;256;269;256;269;beast-boost;poison;6;18
naganadel;350;269;269;388;269;375;beast-boost;dragon|poison;36;1500
stakataka;326;397;573;225;331;137;beast-boost;steel|rock;55;8200
blacephalon;310;388;225;441;282;344;beast-boost;ghost|fire;18;130
zeraora;380;355;273;333;284;423;volt-absorb;electric;15;445
deoxys-attack;304;504;152;504;152;438;pressure;psychic;17;608
deoxys-defense;304;262;460;262;460;306;pressure;psychic;17;608
deoxys-speed;304;317;306;317;306;504;pressure;psychic;17;608
wormadam-sandy;324;282;339;238;295;188;overcoat|anticipation;ground|bug;5;65
wormadam-trash;324;260;317;260;317;188;overcoat|anticipation;steel|bug;5;65
shaymin-sky;404;335;273;372;273;388;serene-grace;flying|grass;4;52
giratina-origin;504;372;328;372;328;306;levitate;dragon|ghost;69;6500
rotom-heat;304;251;344;339;344;298;levitate;fire|electric;3;3
rotom-wash;304;251;344;339;344;298;levitate;water|electric;3;3
rotom-frost;304;251;344;339;344;298;levitate;ice|electric;3;3
rotom-fan;304;251;344;339;344;298;levitate;flying|electric;3;3
rotom-mow;304;251;344;339;344;298;levitate;grass|electric;3;3
castform-sunny;344;262;262;262;262;262;forecast;fire;3;8
castform-rainy;344;262;262;262;262;262;forecast;water;3;8
castform-snowy;344;262;262;262;262;262;forecast;ice;3;8
basculin-blue-striped;344;311;251;284;229;324;mold-breaker|adaptability|rock-head;water;10;180
darmanitan-zen;414;174;339;416;339;229;zen-mode|sheer-force;psychic|fire;13;929
meloetta-pirouette;404;390;306;278;278;390;serene-grace;fighting|normal;6;65
tornadus-therian;362;328;284;350;306;375;regenerator;flying;14;630
thundurus-therian;362;339;262;427;284;331;volt-absorb;flying|electric;30;610
landorus-therian;382;427;306;339;284;309;intimidate;flying|ground;13;680
kyurem-black;454;482;328;372;306;317;teravolt;ice|dragon;33;3250
kyurem-white;454;372;306;482;328;317;turboblaze;ice|dragon;36;3250
keldeo-resolute;386;267;306;392;306;346;justified;fighting|water;14;485
meowstic-female;352;214;276;291;287;337;competitive|infiltrator|keen-eye;psychic;6;85
aegislash-blade;324;438;218;438;218;240;stance-change;ghost|steel;17;530
pumpkaboo-small;292;254;262;205;229;232;insomnia|frisk|pickup;grass|ghost;3;35
pumpkaboo-large;312;254;262;205;229;210;insomnia|frisk|pickup;grass|ghost;5;75
pumpkaboo-super;322;254;262;205;229;199;insomnia|frisk|pickup;grass|ghost;8;150
gourgeist-small;314;295;377;236;273;326;insomnia|frisk|pickup;grass|ghost;7;95
gourgeist-large;354;317;377;236;273;260;insomnia|frisk|pickup;grass|ghost;11;140
gourgeist-super;374;328;377;236;273;227;insomnia|frisk|pickup;grass|ghost;17;390
venusaur-mega;364;328;379;377;372;284;thick-fat;poison|grass;24;1555
charizard-mega-x;360;394;353;394;295;328;tough-claws;dragon|fire;17;1105
charizard-mega-y;360;337;280;458;361;328;drought;flying|fire;17;1005
blastoise-mega;362;335;372;405;361;280;mega-launcher;water;16;1011
alakazam-mega;314;218;251;493;339;438;trace;psychic;12;480
gengar-mega;324;251;284;482;317;394;shadow-tag;poison|ghost;14;405
kangaskhan-mega;414;383;328;240;328;328;parental-bond;normal;22;1000
pinsir-mega;334;449;372;251;306;339;aerilate;flying|bug;17;590
gyarados-mega;394;449;348;262;394;287;mold-breaker;dark|water;65;3050
aerodactyl-mega;364;405;295;262;317;438;tough-claws;flying|rock;21;790
mewtwo-mega-x;416;526;328;447;328;394;steadfast;fighting|psychic;23;1270
mewtwo-mega-y;416;438;262;535;372;416;insomnia;psychic;15;330
ampharos-mega;384;317;339;471;350;207;mold-breaker;dragon|electric;14;615
scizor-mega;344;438;416;251;328;273;technician;steel|bug;20;1250
heracross-mega;364;515;361;196;339;273;skill-link;fighting|bug;17;625
houndoom-mega;354;306;306;416;306;361;solar-power;fire|dark;19;495
tyranitar-mega;404;469;438;317;372;265;sand-stream;dark|rock;25;2550
blaziken-mega;364;460;284;394;284;328;speed-boost;fighting|fire;19;520
gardevoir-mega;340;295;251;471;405;328;pixilate;fairy|psychic;16;484
mawile-mega;304;339;383;229;317;218;huge-power;fairy|steel;10;235
aggron-mega;344;416;614;240;284;218;filter;steel;22;3950
medicham-mega;324;328;295;284;295;328;pure-power;psychic|fighting;13;315
manectric-mega;344;273;284;405;284;405;intimidate;electric;18;440
banette-mega;332;471;273;313;291;273;prankster;ghost;12;130
absol-mega;334;438;240;361;240;361;magic-bounce;dark;12;490
garchomp-mega;420;482;361;372;317;311;sand-force;ground|dragon;19;950
lucario-mega;344;427;302;416;262;355;adaptability;steel|fighting;13;575
abomasnow-mega;384;399;339;399;339;174;snow-warning;ice|grass;27;1850
floette-eternal;352;251;256;383;390;311;symbiosis|flower-veil;fairy;2;9
latias-mega;364;328;372;416;438;350;levitate;psychic|dragon;18;520
latios-mega;364;394;328;460;372;350;levitate;psychic|dragon;23;700
swampert-mega;404;438;350;317;350;262;swift-swim;ground|water;19;1020
sceptile-mega;344;350;273;427;295;427;lightning-rod;dragon|grass;19;552
sableye-mega;304;295;383;295;361;152;magic-bounce;ghost|dark;5;1610
altaria-mega;354;350;350;350;339;284;pixilate;fairy|dragon;15;206
gallade-mega;340;471;317;251;361;350;inner-focus;fighting|psychic;16;564
audino-mega;410;240;386;284;386;218;healer;fairy|normal;15;320
sharpedo-mega;344;416;262;350;251;339;strong-jaw;dark|water;25;1303
slowbro-mega;394;273;504;394;284;174;shell-armor;psychic|water;20;1200
steelix-mega;354;383;614;229;317;174;sand-force;ground|steel;105;7400
pidgeot-mega;370;284;284;405;284;375;no-guard;flying|normal;22;505
glalie-mega;364;372;284;372;284;328;refrigerate;ice;21;3502
diancie-mega;304;460;350;460;350;350;magic-bounce;fairy|rock;11;278
metagross-mega;364;427;438;339;350;350;tough-claws;psychic|steel;25;9429
kyogre-primal;404;438;306;504;460;306;primordial-sea;water;98;4300
groudon-primal;404;504;460;438;306;306;desolate-land;fire|ground;50;9997
rayquaza-mega;414;504;328;504;328;361;delta-stream;flying|dragon;108;3920
pikachu-rock-star;274;229;196;218;218;306;lightning-rod|static;electric;4;60
pikachu-belle;274;229;196;218;218;306;lightning-rod|static;electric;4;60
pikachu-pop-star;274;229;196;218;218;306;lightning-rod|static;electric;4;60
pikachu-phd;274;229;196;218;218;306;lightning-rod|static;electric;4;60
pikachu-libre;274;229;196;218;218;306;lightning-rod|static;electric;4;60
pikachu-cosplay;274;229;196;218;218;306;lightning-rod|static;electric;4;60
hoopa-unbound;364;460;240;482;394;284;magician;dark|psychic;65;4900
camerupt-mega;344;372;328;427;339;152;sheer-force;ground|fire;25;3205
lopunny-mega;334;408;315;227;320;405;scrappy;fighting|normal;13;283
salamence-mega;394;427;394;372;306;372;aerilate;flying|dragon;18;1126
beedrill-mega;334;438;196;141;284;427;adaptability;poison|bug;14;405
rattata-alola;264;232;185;163;185;267;thick-fat|hustle|gluttony;normal|dark;3;38
raticate-alola;354;265;262;196;284;278;thick-fat|hustle|gluttony;normal|dark;7;255
raticate-totem-alola;354;265;262;196;284;278;thick-fat|hustle|gluttony;normal|dark;14;1050
pikachu-original-cap;274;229;196;218;218;306;lightning-rod|static;electric;4;60
pikachu-hoenn-cap;274;229;196;218;218;306;lightning-rod|static;electric;4;60
pikachu-sinnoh-cap;274;229;196;218;218;306;lightning-rod|static;electric;4;60
pikachu-unova-cap;274;229;196;218;218;306;lightning-rod|static;electric;4;60
pikachu-kalos-cap;274;229;196;218;218;306;lightning-rod|static;electric;4;60
pikachu-alola-cap;274;229;196;218;218;306;lightning-rod|static;electric;4;60
raichu-alola;324;295;218;317;295;350;surge-surfer;psychic|electric;7;210
sandshrew-alola;304;273;306;130;185;196;slush-rush|snow-cloak;steel|ice;7;400
sandslash-alola;354;328;372;163;251;251;slush-rush|snow-cloak;steel|ice;12;550
vulpix-alola;280;199;196;218;251;251;snow-warning|snow-cloak;ice;6;99
ninetales-alola;350;256;273;287;328;348;snow-warning|snow-cloak;fairy|ice;11;199
diglett-alola;224;229;174;185;207;306;sand-force|tangling-hair|sand-veil;steel|ground;2;10
dugtrio-alola;274;328;240;218;262;350;sand-force|tangling-hair|sand-veil;steel|ground;7;666
meowth-alola;284;185;185;218;196;306;rattled|technician|pickup;dark;4;42
persian-alola;334;240;240;273;251;361;rattled|technician|fur-coat;dark;11;330
geodude-alola;284;284;328;174;174;152;galvanize|sturdy|magnet-pull;electric|rock;4;203
graveler-alola;314;317;361;207;207;185;galvanize|sturdy|magnet-pull;electric|rock;10;1100
golem-alola;364;372;394;229;251;207;galvanize|sturdy|magnet-pull;electric|rock;17;3160
grimer-alola;364;284;218;196;218;163;power-of-alchemy|gluttony|poison-touch;dark|poison;7;420
muk-alola;414;339;273;251;328;218;power-of-alchemy|gluttony|poison-touch;dark|poison;10;520
exeggutor-alola;394;339;295;383;273;207;harvest|frisk;dragon|grass;109;4156
marowak-alola;324;284;350;218;284;207;rock-head|lightning-rod|cursed-body;ghost|fire;10;340
greninja-battle-bond;348;317;256;335;265;377;battle-bond;dark|water;15;400
greninja-ash;348;427;256;445;265;399;battle-bond;dark|water;15;400
zygarde-10;312;328;265;243;295;361;power-construct;ground|dragon;12;335
zygarde-50;420;328;375;287;317;317;power-construct;ground|dragon;50;3050
zygarde-complete;636;328;375;309;317;295;power-construct;ground|dragon;45;6100
gumshoos-totem;380;350;240;229;240;207;adaptability|strong-jaw|stakeout;normal;14;600
vikavolt-totem;358;262;306;427;273;203;levitate;electric|bug;26;1475
oricorio-pom-pom;354;262;262;324;262;313;dancer;flying|electric;6;34
oricorio-pau;354;262;262;324;262;313;dancer;flying|psychic;6;34
oricorio-sensu;354;262;262;324;262;313;dancer;flying|ghost;6;34
lycanroc-midnight;374;361;273;229;273;289;no-guard|vital-spirit|keen-eye;rock;11;250
wishiwashi-school;294;416;394;416;405;174;schooling;water;82;786
lurantis-totem;344;339;306;284;306;207;contrary|leaf-guard;grass;15;580
salazzle-totem;340;249;240;353;240;366;oblivious|corrosion;fire|poison;21;810
minior-orange-meteor;324;240;328;240;328;240;shields-down;flying|rock;3;400
minior-yellow-meteor;324;240;328;240;328;240;shields-down;flying|rock;3;400
minior-green-meteor;324;240;328;240;328;240;shields-down;flying|rock;3;400
minior-blue-meteor;324;240;328;240;328;240;shields-down;flying|rock;3;400
minior-indigo-meteor;324;240;328;240;328;240;shields-down;flying|rock;3;400
minior-violet-meteor;324;240;328;240;328;240;shields-down;flying|rock;3;400
minior-red;324;328;240;328;240;372;shields-down;flying|rock;3;3
minior-orange;324;328;240;328;240;372;shields-down;flying|rock;3;3
minior-yellow;324;328;240;328;240;372;shields-down;flying|rock;3;3
minior-green;324;328;240;328;240;372;shields-down;flying|rock;3;3
minior-blue;324;328;240;328;240;372;shields-down;flying|rock;3;3
minior-indigo;324;328;240;328;240;372;shields-down;flying|rock;3;3
minior-violet;324;328;240;328;240;372;shields-down;flying|rock;3;3
mimikyu-busted;314;306;284;218;339;320;disguise;fairy|ghost;2;7
mimikyu-totem-disguised;314;306;284;218;339;320;disguise;fairy|ghost;4;28
mimikyu-totem-busted;314;306;284;218;339;320;disguise;fairy|ghost;4;28
kommo-o-totem;354;350;383;328;339;295;overcoat|soundproof|bulletproof;fighting|dragon;24;2075
magearna-original;364;317;361;394;361;251;soul-heart;fairy|steel;10;805
pikachu-partner-cap;274;229;196;218;218;306;lightning-rod|static;electric;4;60
marowak-totem;324;284;350;218;284;207;rock-head|lightning-rod|cursed-body;ghost|fire;17;980
ribombee-totem;324;229;240;317;262;381;sweet-veil|shield-dust|honey-gather;fairy|bug;4;20
rockruff-own-tempo;294;251;196;174;196;240;own-tempo;rock;5;92
lycanroc-dusk;354;366;251;229;251;350;tough-claws;rock;8;250
araquanid-totem;340;262;311;218;399;201;water-absorb|water-bubble;bug|water;31;2175
togedemaru-totem;334;324;247;196;269;320;sturdy|lightning-rod|iron-barbs;steel|electric;6;130
necrozma-dusk;398;454;388;357;348;278;prism-armor;steel|psychic;38;4600
necrozma-dawn;398;357;348;454;388;278;prism-armor;ghost|psychic;42;3500
